drop table if exists t1;
create table t1(a int not null, b int, c varchar(10));
insert into t1 values(1, 1, 'aaa');
insert into t1 values(2, 2, 'bbb');
insert into t1 values(3, 1, 'ccc');
insert into t1 values(4, 3, 'ccc');
insert into t1 values(5, 2, 'abc');
insert into t1 values(6, 1, 'ccc');
insert into t1 values(7, 1, 'bbc');
insert into t1 values(8, 4, 'aab');
insert into t1 values(9, 2, 'ccc');
set tnt_command = "add index on test.t1 idx_t_b(b), idx_t_c(c)";
alter table t1 add index idx_t_b(b), add index idx_t_c(c);
show create table t1;
Table	Create Table
t1	CREATE TABLE `t1` (
  `a` int(11) NOT NULL,
  `b` int(11) DEFAULT NULL,
  `c` varchar(10) DEFAULT NULL,
  KEY `idx_t_b` (`b`),
  KEY `idx_t_c` (`c`)
) ENGINE=TNT DEFAULT CHARSET=latin1
insert into t1 values(10, 3, 'fdf');
explain select * from t1 where b = 3;
id	select_type	table	type	possible_keys	key	key_len	ref	rows	Extra
1	SIMPLE	t1	ref	idx_t_b	idx_t_b	5	const	2	Using where
select * from t1 where b = 3;
a	b	c
4	3	ccc
10	3	fdf
create index idx_t_bc on t1(b, c);
show create table t1;
Table	Create Table
t1	CREATE TABLE `t1` (
  `a` int(11) NOT NULL,
  `b` int(11) DEFAULT NULL,
  `c` varchar(10) DEFAULT NULL,
  KEY `idx_t_b` (`b`),
  KEY `idx_t_c` (`c`),
  KEY `idx_t_bc` (`b`,`c`)
) ENGINE=TNT DEFAULT CHARSET=latin1
insert into t1 values(11, 1, 'ccc');
explain select * from t1 where b = 1 and c = 'ccc';
id	select_type	table	type	possible_keys	key	key_len	ref	rows	Extra
1	SIMPLE	t1	ref	idx_t_b,idx_t_c,idx_t_bc	idx_t_bc	18	const,const	3	Using where
select * from t1 where b = 1 and c = 'ccc';
a	b	c
3	1	ccc
6	1	ccc
11	1	ccc
alter table t1 add primary key(a);
alter table t1 drop index idx_t_b;
alter table t1 drop index idx_t_c;
alter table t1 drop index idx_t_bc;
show create table t1;
Table	Create Table
t1	CREATE TABLE `t1` (
  `a` int(11) NOT NULL,
  `b` int(11) DEFAULT NULL,
  `c` varchar(10) DEFAULT NULL,
  PRIMARY KEY (`a`)
) ENGINE=TNT DEFAULT CHARSET=latin1
insert into t1 values(12, 2, 'abc');
insert into t1 values(12, 2, 'abc');
ERROR 23000: Duplicate entry '12' for key 'PRIMARY'
explain select * from t1 where a = 6;
id	select_type	table	type	possible_keys	key	key_len	ref	rows	Extra
1	SIMPLE	t1	const	PRIMARY	PRIMARY	4	const	1	
select * from t1 where a = 6;
a	b	c
6	1	ccc
alter table t1 drop primary key;
show create table t1;
Table	Create Table
t1	CREATE TABLE `t1` (
  `a` int(11) NOT NULL,
  `b` int(11) DEFAULT NULL,
  `c` varchar(10) DEFAULT NULL
) ENGINE=TNT DEFAULT CHARSET=latin1
explain select * from t1 where a = 6;
id	select_type	table	type	possible_keys	key	key_len	ref	rows	Extra
1	SIMPLE	t1	ALL	NULL	NULL	NULL	NULL	1228	Using where
select * from t1 where a = 6;
a	b	c
6	1	ccc
insert into t1 values(9, 3, 'dup');
alter table t1 add primary key(a);
ERROR 23000: Duplicate entry '9' for key 'PRIMARY'
show create table t1;
Table	Create Table
t1	CREATE TABLE `t1` (
  `a` int(11) NOT NULL,
  `b` int(11) DEFAULT NULL,
  `c` varchar(10) DEFAULT NULL
) ENGINE=TNT DEFAULT CHARSET=latin1
alter table t1 add primary key(b);
ERROR 23000: Duplicate entry '1' for key 'PRIMARY'
alter table t1 add unique index idx_t_a(a);
ERROR 23000: Duplicate entry '9' for key 'idx_t_a'
show create table t1;
Table	Create Table
t1	CREATE TABLE `t1` (
  `a` int(11) NOT NULL,
  `b` int(11) DEFAULT NULL,
  `c` varchar(10) DEFAULT NULL
) ENGINE=TNT DEFAULT CHARSET=latin1
set tnt_command = "add index on test.t1 idx_t_b(b), idx_t_c(c)";
alter table t1 add index idx_t_b(b), add index idx_t_c(c);
alter table t1 drop index idx_t_b, drop index idx_t_c;
ERROR 42000: Can't drop multiple indice in one statement.
drop index idx_t_b on t1;
show create table t1;
Table	Create Table
t1	CREATE TABLE `t1` (
  `a` int(11) NOT NULL,
  `b` int(11) DEFAULT NULL,
  `c` varchar(10) DEFAULT NULL,
  KEY `idx_t_c` (`c`)
) ENGINE=TNT DEFAULT CHARSET=latin1
explain select * from t1 where b = 3;
id	select_type	table	type	possible_keys	key	key_len	ref	rows	Extra
1	SIMPLE	t1	ALL	NULL	NULL	NULL	NULL	1228	Using where
select * from t1 where b = 3;
a	b	c
4	3	ccc
10	3	fdf
9	3	dup
alter table t1 drop index idx_t_c;
show create table t1;
Table	Create Table
t1	CREATE TABLE `t1` (
  `a` int(11) NOT NULL,
  `b` int(11) DEFAULT NULL,
  `c` varchar(10) DEFAULT NULL
) ENGINE=TNT DEFAULT CHARSET=latin1
drop table t1;
