include/master-slave.inc
[connection master]
CREATE DATABASE test_ignore;
**** On Master ****
SHOW DATABASES;
Database
information_schema
#bak_database
mtr
mysql
performance_schema
test
test_ignore
USE test;
CREATE TABLE t1 (a INT, b INT);
SHOW TABLES;
Tables_in_test
t1
INSERT INTO t1 VALUES (1,1), (2,2);
USE test_ignore;
CREATE TABLE t2 (a INT, b INT);
SHOW TABLES;
Tables_in_test_ignore
t2
INSERT INTO t2 VALUES (3,3), (4,4);
show binlog events from <binlog_start>;
Log_name	Pos	Event_type	Server_id	End_log_pos	Info
master-bin.000001	#	Binlog_checkpoint	#	#	master-bin.000001
master-bin.000001	#	Gcid_event	#	#	GCID id=0
master-bin.000001	#	Query	#	#	use `test`; CREATE TABLE t1 (a INT, b INT)
master-bin.000001	#	Gcid_event	#	#	GCID id=0
master-bin.000001	#	Query	#	#	BEGIN
master-bin.000001	#	Table_map	#	#	table_id: # (test.t1)
master-bin.000001	#	Write_rows	#	#	table_id: # flags: STMT_END_F
master-bin.000001	#	Xid	#	#	COMMIT /* XID */
**** On Slave ****
SHOW DATABASES;
Database
information_schema
#bak_database
mtr
mysql
performance_schema
test
USE test;
SHOW TABLES;
Tables_in_test
t1
USE test_ignore;
ERROR 42000: Unknown database 'test_ignore'
DROP DATABASE test_ignore;
USE test;
DROP TABLE t1;
USE test;
include/rpl_reset.inc
CREATE TABLE t1 (a INT);
DELETE FROM t1;
INSERT INTO t1 VALUES (1),(2);
DELETE FROM t1 WHERE a = 0;
UPDATE t1 SET a=99 WHERE a = 0;
show binlog events from <binlog_start>;
Log_name	Pos	Event_type	Server_id	End_log_pos	Info
master-bin.000001	#	Binlog_checkpoint	#	#	master-bin.000001
master-bin.000001	#	Gcid_event	#	#	GCID id=0
master-bin.000001	#	Query	#	#	use `test`; CREATE TABLE t1 (a INT)
master-bin.000001	#	Gcid_event	#	#	GCID id=0
master-bin.000001	#	Query	#	#	BEGIN
master-bin.000001	#	Table_map	#	#	table_id: # (test.t1)
master-bin.000001	#	Write_rows	#	#	table_id: # flags: STMT_END_F
master-bin.000001	#	Xid	#	#	COMMIT /* XID */
DROP TABLE t1;
================ Test for BUG#17620 ================
include/rpl_reset.inc
**** On Slave **** 
SET GLOBAL QUERY_CACHE_SIZE=0;
call mtr.add_suppression("Slave SQL.*Could not execute Update_rows event on table test.t1.* Error_code: 1032");
**** On Master **** 
CREATE TABLE t1 (a INT);
INSERT INTO t1 VALUES (1),(2),(3);
**** On Slave **** 
SET GLOBAL QUERY_CACHE_SIZE=16*1024*1024;
**** On Master **** 
INSERT INTO t1 VALUES (4),(5),(6);
**** On Slave **** 
SELECT * FROM t1;
a
1
2
3
4
5
6
**** On Master **** 
INSERT INTO t1 VALUES (7),(8),(9);
**** On Slave **** 
SELECT * FROM t1;
a
1
2
3
4
5
6
7
8
9
SET GLOBAL QUERY_CACHE_SIZE=0;
DROP TABLE t1;
drop table if exists t1, t2;
CREATE TABLE `t1` (
`a` int(11) NOT NULL auto_increment,
`b` int(11) default NULL,
PRIMARY KEY  (`a`)
) ENGINE=MyISAM DEFAULT CHARSET=latin1 ;
CREATE TABLE `t2` (
`a` int(11) NOT NULL auto_increment,
`b` int(11) default NULL,
PRIMARY KEY  (`a`)
) ENGINE=MyISAM DEFAULT CHARSET=latin1 ;
insert into t1 values (1,1),(2,2);
insert into t2 values (1,1),(4,4);
UPDATE t2,t1 SET t2.a=t1.a+2;
ERROR 23000: Duplicate entry '3' for key 'PRIMARY'
select * from t2 /* must be (3,1), (4,4) */;
a	b
3	1
4	4
select * from t2 /* must be (3,1), (4,4) */;
a	b
3	1
4	4
drop table t1,t2;
include/rpl_end.inc
